repetitions,edits / sequence length
1,1.0
2,0.5
3,0.3333333333333333
4,0.25
5,0.2
10,0.1
30,0.03333333333333333
50,0.02
70,0.014285714285714285
80,0.0125
