repetitions,edits / sequence length
1,0.0
2,0.0
3,0.0
4,0.0
5,0.0
10,0.0075
30,0.0
50,0.002
70,0.0007142857142857143
80,0.003125
