repetitions,edits / sequence length
1,0.0
2,0.0
3,0.06666666666666667
4,0.075
5,0.06
10,0.18
30,0.24583333333333332
50,0.28300000000000003
70,0.2978571428571429
80,0.28531249999999997
